core-manner	仕方	-	-
core-manufacture	製造	-	-
core-many	-	-	adjective
core-medicine	薬	-	-
core-minute	分	phút	noun
core-moon	月	-	-
core-most	最も	-	adverb
core-mostly	-	-	adverb
core-native	土着	-	-
core-naturally	自然に	-	adverb
core-nearly	-	-	adverb
core-necessary	-	-	adjective
core-need	必要	nhu cầu	noun
core-never	決して	không bao giờ	adverb
core-new	新しい	-	adjective
core-nice	素敵	-	-
core-normally	-	-	adverb
core-now	今	-	adverb
core-nowadays	-	-	adverb
core-often	よく	-	adverb
core-obvious	-	rõ ràng	-
core-ocean	海洋	-	-
core-old	古い	-	adjective
core-open	オープン	-	adjective
core-ordinary	-	-	adjective
core-organic	-	-	adjective
core-original	オリジナル	-	-
core-outside	外	-	noun
core-pain	痛み	đau	noun
core-paper	紙	-	-
core-passage	通路	-	-
core-pay	-	tiền lương	-
core-people	人々	-	-
core-person	人	-	-
core-personal	個人的	-	adjective
core-plain	質素	giản dị	-
core-plane	飛行機	-	noun
core-play	遊ぶ	-	verb
core-pleasant	楽しい	-	adjective
core-point	点	-	-
core-poor	貧しい	-	-
core-potential	潜在的	-	adjective
core-pretty	-	-	adverb
core-produce	生産する	-	verb
core-profession	-	nghề nghiệp	-
core-program	プログラム	-	-
core-progress	進歩	tiến bộ	noun
core-public	公共	công cộng	adjective
core-pure	-	-	adjective
core-quick	素早い	-	-
core-quiet	静か	-	-
core-quite	-	-	adverb
core-rather	-	-	adverb
core-really	-	-	adverb
core-reasonable	妥当	-	adjective
core-receive	受け取る	-	-
core-record	-	bản ghi	-
core-regret	後悔する	-	verb
core-regular	定期的	-	adjective
core-respect	尊敬	tôn trọng	verb
core-review	レビュー	bài đánh giá	-
core-rice	米	gạo	-
core-rich	金持ち	-	adjective
core-risk	リスク	rủi ro	noun
core-room	部屋	-	-
core-rough	粗い	thô	-
core-roughly	-	-	adverb
core-run	走る	-	verb
core-sad	悲しい	-	-
core-safe	安全	-	adjective
core-salt	塩	-	noun
core-same	-	-	adjective
core-say	言う	-	verb
core-school	学校	-	-
core-second	秒	-	-
core-see	見る	thấy	-
core-sell	売る	-	-
core-send	送る	-	-
